公司全称,职位名称,薪资范围,公司规模,技能标签,公司行业,所需资历,公司位置,教育程度,公司地址
北京字节跳动科技有限公司,数据分析师,8k-16k,2000人以上,['编辑'],"移动互联网,数据服务",1-3年,徐汇区,本科,
广东省电信规划设计院有限公司,数据分析,7k-10k,2000人以上,"['SQL', 'SPSS', '数据库']","移动互联网,金融",1-3年,虹口区,本科,天潼路
美味不用等（上海）信息科技股份有限公司,数据分析师,15k-30k,500-2000人,"['SQLServer', '数据挖掘', '数据分析', '数据处理']","移动互联网,O2O",3-5年,浦东新区,本科,金科路
上海业霆网络科技有限公司,数据分析师,15k-30k,500-2000人,"['BI', '数据分析', 'SQL', '数据库']","移动互联网,教育",3-5年,静安区,本科,昌平路
浙江九翎网络科技有限公司上海分公司,数据分析师,6k-9k,150-500人,['数据分析'],游戏,1-3年,徐汇区,不限,虹漕路
华住酒店管理有限公司,数据分析师,12k-17k,2000人以上,['数据分析'],"旅游,生活服务",1-3年,闵行区,本科,漕河泾开发区
上海旖美信息技术有限公司,数据分析师,10k-15k,150-500人,['数据分析'],数据服务 金融,3-5年,徐汇区,本科,漕溪路
上海盛惜投资管理有限公司,数据分析师,20k-35k,50-150人,"['数据仓库', '数据分析']","移动互联网,金融",3-5年,黄浦区,本科,陆家浜路
上海云济信息科技有限公司,数据分析师,10k-20k,2000人以上,"['数据分析', 'BI', '数据库']","生活服务,金融",1-3年,杨浦区,本科,江浦公园
上海联元智能科技有限公司,数据分析师,15k-30k,50-150人,"['BI', '商业', '数据分析']","移动互联网,数据服务",3-5年,普陀区,本科,上海西站
上海袋虎信息技术有限公司,数据分析师（可视化）,10k-20k,150-500人,"['BI', '可视化', 'SPSS', '数据库']","移动互联网,医疗健康",3-5年,闵行区,本科,虹桥火车站
上海小牛互娱智能科技有限公司,数据分析师（实习）,4k-6k,500-2000人,"['分析师', '策略设计']",移动互联网,1年以下,浦东新区,本科,
上海奕己信息科技有限公司,数据分析师,8k-16k,15-50人,"['数据分析', 'SPSS']","移动互联网,社交网络",1-3年,松江区,大专,
上海美莱投资管理有限公司,数据分析主管,8k-13k,2000人以上,"['SEO', '数据分析', '运营']","医疗健康,电子商务",3-5年,长宁区,本科,交通大学
交银企业管理服务（上海）有限公司张江高科技园区分公司,数据分析经理（金融科技）,15k-30k,2000人以上,"['MySQL', '数据分析']","移动互联网,金融",5-10年,长宁区,本科,延安西路
北京字节跳动科技有限公司,数据分析师,15k-30k,2000人以上,['数据分析'],"移动互联网,数据服务",1-3年,徐汇区,本科,
上海小牛互娱智能科技有限公司,数据分析师,15k-25k,500-2000人,"['数据分析', '可视化', '商业']",移动互联网,3-5年,浦东新区,不限,
交银企业管理服务（上海）有限公司张江高科技园区分公司,资深数据分析经理,25k-50k,2000人以上,"['数据挖掘', '数据分析', '数据处理']","移动互联网,金融",5-10年,长宁区,本科,延安西路
世纪畅链有限责任公司,资深数据分析师,20k-30k,150-500人,"['数据分析', '数据仓库', '数据挖掘', '算法']",电子商务 金融,5-10年,杨浦区,本科,江湾体育场
上海晨之科信息技术有限公司,数据分析师（有游戏行业经验）,22k-40k,150-500人,"['SQL', '可视化']","移动互联网,游戏",5-10年,徐汇区,本科,虹漕路
上海业霆网络科技有限公司,初级数据分析师,7k-8k,500-2000人,"['数据分析', 'SQL']","移动互联网,教育",1-3年,闸北区,本科,昌平路
深圳虾皮信息科技有限公司,高级数据分析师,15k-20k,2000人以上,"['SQL', '数据分析', '可视化']",电子商务,3-5年,徐汇区,本科,东兰路
上海软科教育信息咨询有限公司,高级数据分析师（排名方向）,15k-30k,50-150人,['项目管理'],企业服务,不限,闵行区,博士,剑川路
上海臻汝网络科技有限公司,数据分析师(可视化方向)&nbsp;&nbsp;,8k-13k,50-150人,"['BI', '可视化', '数据分析']","教育,移动互联网",1-3年,杨浦区,本科,江浦公园
上海特思尔大宇宙商务咨询有限公司,数据分析师,10k-13k,500-2000人,"['数据分析', '网站分析']","电子商务,生活服务",3-5年,静安区,大专,淮海中路
深圳平安综合金融服务有限公司,信用卡研发-数据分析,20k-40k,2000人以上,[],"金融,数据服务",3-5年,浦东新区,本科,德平路
携程计算机技术（上海）有限公司,数据分析经理,20k-40k,2000人以上,"['BI', '数据分析', '数据库', 'DBA']","移动互联网,旅游",3-5年,长宁区,本科,淞虹路
永诚财产保险股份有限公司,数据分析岗,10k-20k,2000人以上,['数据分析'],"金融,移动互联网",5-10年,浦东新区,本科,后滩
上海二三四五网络科技有限公司,数据分析师（数据BP）(J11909),10k-15k,500-2000人,['数据分析'],"数据服务,移动互联网",1年以下,浦东新区,本科,华夏中路
上海星魄新能源科技有限公司,数据分析,18k-25k,少于15人,"['SQL', 'BI', '可视化']","企业服务,硬件",3-5年,浦东新区,本科,世纪公园
北京字节跳动科技有限公司,数据分析经理,20k-30k,2000人以上,[],"移动互联网,数据服务",3-5年,徐汇区,本科,
上海小牛互娱智能科技有限公司,数据分析实习生,2k-4k,500-2000人,"['可视化', '商业', '数据分析']",移动互联网,1年以下,浦东新区,本科,
上海业霆网络科技有限公司,市场数据分析师,10k-16k,500-2000人,['数据分析'],"移动互联网,教育",1-3年,静安区,本科,昌平路
深圳平安综合金融服务有限公司,12217U-数据分析岗,10k-15k,2000人以上,['数据分析'],"金融,数据服务",3-5年,浦东新区,本科,
上海诚米互联网金融信息服务有限公司,数据分析师,9k-15k,15-50人,"['数据分析', '数据库']","移动互联网,金融",1-3年,杨浦区,本科,新江湾城
上海准雀科技有限公司,数据分析师,10k-20k,50-150人,"['数据分析', 'SPSS']","数据服务,其他",1-3年,静安区,本科,延长路
上海软科教育信息咨询有限公司,高级数据分析师,15k-30k,50-150人,['数据分析'],企业服务,不限,闵行区,博士,剑川路
北京贵士信息科技有限公司,数据分析实习生,3k-5k,50-150人,[],"移动互联网,数据服务",应届毕业生,静安区,本科,昌平路
上海数禾信息科技有限公司,数据分析师,15k-30k,500-2000人,['数据分析'],"移动互联网,金融",3-5年,浦东新区,本科,金科路
上海汇付数据服务有限公司,数据分析,10k-20k,500-2000人,['SQL'],"移动互联网,金融",3-5年,徐汇区,本科,虹漕路
达疆网络科技（上海）有限公司,数据分析师,15k-25k,2000人以上,[],O2O,3-5年,浦东新区,本科,世纪大道
上海喔噻互联网科技有限公司,数据分析师（数据中心）,15k-25k,500-2000人,"['数据分析', '数据处理', 'SQLServer']",移动互联网,1-3年,普陀区,本科,大渡河路
上海陆家嘴国际金融资产交易市场股份有限公司,25210V-数据分析师,13k-26k,2000人以上,"['数据分析', '数据挖掘']",金融,3-5年,浦东新区,本科,国际客运中心
挖财网络技术有限公司,数据分析实习生 (MJ000998),2k-4k,500-2000人,['数据分析'],"移动互联网,金融",不限,浦东新区,不限,世纪大道
上海欢兽实业有限公司,数据分析（风控）,10k-20k,500-2000人,"['SQL', '数据分析']",电子商务,1-3年,静安区,本科,曲阜路
北京字节跳动科技有限公司,数据分析经理,30k-50k,2000人以上,['数据分析'],"移动互联网,数据服务",1-3年,徐汇区,本科,
完美世界（北京）软件科技发展有限公司,数据分析,15k-30k,2000人以上,[],"移动互联网,游戏",3-5年,杨浦区,本科,杨树浦路
上海基分文化传播有限公司,数据分析师(000935),20k-40k,500-2000人,['数据分析'],移动互联网,3-5年,浦东新区,本科,
武汉斗鱼网络科技有限公司,数据分析师,8k-12k,2000人以上,['分析'],移动互联网,3-5年,杨浦区,本科,杨树浦路
上海晶赞融宣科技有限公司,数据分析师,10k-20k,150-500人,"['商业', 'BI', '数据分析']","数据服务,文化娱乐",不限,闸北区,硕士,延长路
挖财网络技术有限公司,数据分析师 (MJ001038),15k-25k,500-2000人,['数据分析'],"移动互联网,金融",1-3年,浦东新区,不限,世纪公园
上海永辉云创科技有限公司,数据分析师,25k-40k,2000人以上,"['数据分析', 'SQL', '可视化', '数据库']","电子商务,O2O",3-5年,徐汇区,本科,虹梅路
上海亚朵商业管理（集团）股份有限公司,数据分析师,20k-25k,2000人以上,"['数据分析', 'BI', '商业']","旅游,生活服务",3-5年,闵行区,本科,漕河泾开发区
上海谨拍电子商务有限公司,数据分析师（互联网行业）,15k-22k,2000人以上,"['数据分析', '数据库', 'SQL']","移动互联网,电子商务",3-5年,闵行区,本科,龙柏新村
虎扑（上海）文化传播股份有限公司,数据分析师,20k-30k,150-500人,['数据分析'],"移动互联网,文化娱乐",3-5年,虹口区,本科,西藏北路
上海阑途信息技术有限公司,数据分析师,15k-20k,2000人以上,"['BI', '可视化', '数据分析', 'SQL']",移动互联网,1-3年,闵行区,本科,顾戴路
上海任意门科技有限公司,数据分析师,20k-40k,150-500人,['数据分析'],"社交网络,文化娱乐",3-5年,浦东新区,本科,世纪公园
神策网络科技（北京）有限公司,数据分析师-上海,15k-25k,150-500人,"['商业', 'BI', '可视化', '数据分析']",数据服务,3-5年,静安区,本科,曲阜路
上海别样秀数据科技有限公司,数据分析师,15k-25k,150-500人,"['数据挖掘', '数据分析']","移动互联网,电子商务",1-3年,浦东新区,本科,金科路
广州数说故事信息科技有限公司,数据分析师,10k-20k,150-500人,"['数据分析', 'SPSS']",数据服务,1-3年,杨浦区,本科,江浦公园
北京字节跳动科技有限公司,资深数据分析师,20k-40k,2000人以上,[],"移动互联网,数据服务",1-3年,黄浦区,本科,
虎扑（上海）文化传播股份有限公司,数据分析师（小回音APP）,10k-20k,150-500人,[],"移动互联网,文化娱乐",3-5年,虹口区,本科,
算话智能科技有限公司,大数据分析师,9k-18k,50-150人,['数据分析'],"数据服务,移动互联网",1-3年,长宁区,本科,江苏路
上海微知软件科技有限公司,数据分析师,15k-25k,150-500人,"['BI', '数据分析', 'SQL', '数据运营']","企业服务,数据服务",3-5年,静安区,本科,金沙江路
上海鸿研物流技术有限公司,数据分析师,20k-25k,150-500人,"['可视化', 'SQL', '数据分析', '数据库']",O2O,3-5年,闵行区,本科,东兰路
深圳市随手科技有限公司,数据分析师（上海）,13k-25k,500-2000人,['数据分析'],"移动互联网,金融",1-3年,浦东新区,本科,张江高科
精硕科技（北京）股份有限公司,数据分析师(J10156),5k-10k,500-2000人,[],数据服务,1年以下,普陀区,本科,大渡河路
飞友科技有限公司,（民航）数据分析师,10k-20k,150-500人,"['可视化', 'SPSS', '数据分析']",移动互联网,3-5年,浦东新区,硕士,
思凯思特（北京）科技有限公司,数据分析师,10k-20k,150-500人,"['SQL', '数据分析']","移动互联网,金融",1-3年,浦东新区,本科,世纪大道
杭州睿拓智能科技有限公司,数据分析师,11k-16k,50-150人,"['ETL', 'DB2', '数据分析']",人工智能,1-3年,杨浦区,本科,殷高东路
上海驰骛信息科技有限公司,数据分析师,15k-30k,50-150人,['数据分析'],"数据服务,移动互联网",3-5年,徐汇区,本科,虹梅路
上海宏路数据技术股份有限公司,数据分析师,8k-16k,50-150人,['数据分析'],移动互联网,1-3年,虹口区,本科,临平路
上海画龙信息科技有限公司,数据分析师,10k-20k,50-150人,"['数据分析', '数据运营', 'SQL', '数据库']","数据服务,广告营销",3-5年,徐汇区,本科,徐家汇
上海寻梦信息技术有限公司,数据分析师,15k-30k,2000人以上,[],"电子商务,移动互联网",3-5年,长宁区,本科,延安西路
上海艾天科技有限公司,数据分析师,10k-20k,15-50人,['数据分析'],"企业服务,数据服务",3-5年,浦东新区,不限,
北京字节跳动科技有限公司,商业化数据分析师,20k-40k,2000人以上,[],"移动互联网,数据服务",3-5年,徐汇区,本科,
算话智能科技有限公司,数据分析师,12k-16k,50-150人,"['SQL', '数据分析']","数据服务,移动互联网",1-3年,长宁区,本科,江苏路
上海驰骛信息科技有限公司,数据分析师（数据运营）,10k-20k,50-150人,"['数据分析', '数据运营', '数据库']","数据服务,移动互联网",3-5年,徐汇区,本科,虹梅路
上海寻梦信息技术有限公司,数据分析师,15k-30k,2000人以上,"['数据分析', 'Hive']","电子商务,移动互联网",不限,长宁区,本科,延安西路
上海番糖网络科技有限公司,数据分析师,8k-16k,50-150人,['内容'],游戏,1-3年,徐汇区,本科,徐家汇
上海你我贷互联网金融信息服务有限公司,数据分析师,20k-30k,2000人以上,"['数据分析', 'SQL']",金融,3-5年,浦东新区,本科,上海科技馆
北京至上泽思信息技术有限公司,数据分析师,15k-30k,50-150人,['数据分析'],"数据服务,企业服务",3-5年,黄浦区,本科,天潼路
上海脉豪商务信息咨询有限公司,数据分析师,8k-12k,150-500人,"['数据分析', 'SQL']","移动互联网,企业服务",1-3年,杨浦区,本科,临平路
上海小牛互娱智能科技有限公司,数据分析师（实习生）,4k-8k,500-2000人,"['SQL', '数据库', '数据分析']",移动互联网,1年以下,浦东新区,本科,
中诚信征信有限公司,数据分析师（风控建模方向-上海）,15k-30k,150-500人,"['Java', '数据分析']","数据服务,人工智能",1-3年,黄浦区,硕士,豫园
创络（上海）数据科技有限公司,大数据分析师,15k-25k,150-500人,"['商业', 'BI', '数据分析']","数据服务,广告营销",3-5年,徐汇区,本科,虹梅路
上海连享商务咨询有限公司,数据分析师,10k-20k,150-500人,"['数据分析', 'BI', '数据库', 'DBA']","移动互联网,O2O",1-3年,徐汇区,本科,东兰路
上海壹佰米网络科技有限公司,数据分析师,15k-30k,2000人以上,"['数据分析', '增长黑客', 'BI']",O2O,3-5年,浦东新区,本科,张江高科
申通快递有限公司,数据分析师,5k-10k,2000人以上,"['BI', '数据分析']",生活服务,不限,青浦区,大专,
华扬联众数字技术股份有限公司西安分公司,数据分析师,20k-35k,2000人以上,"['算法', '数据挖掘', 'Spark', 'Hive']","数据服务,文化娱乐",3-5年,黄浦区,本科,曲阜路
北京字节跳动科技有限公司,商业化数据分析师,15k-30k,2000人以上,['数据分析'],"移动互联网,数据服务",3-5年,徐汇区,本科,
上海寻梦信息技术有限公司,数据分析师（广告方向）,20k-40k,2000人以上,"['Hive', 'MySQL', '数据分析']","电子商务,移动互联网",3-5年,长宁区,本科,延安西路
上海小牛互娱智能科技有限公司,数据分析师,15k-30k,500-2000人,['数据分析'],移动互联网,3-5年,浦东新区,本科,
上海莉莉丝科技股份有限公司,数据分析师,12k-24k,150-500人,[],"移动互联网,游戏",1-3年,闵行区,本科,
哈步数据科技（上海）有限公司,数据分析师,10k-20k,50-150人,"['数据挖掘', '数据分析']",企业服务,1-3年,徐汇区,本科,
上海浦东发展银行股份有限公司信用卡中心,数据分析师,15k-25k,2000人以上,['Spark'],金融,1-3年,浦东新区,本科,上海科技馆
上海维信荟智金融科技有限公司,数据分析师（风险分析）,13k-16k,2000人以上,['数据挖掘'],金融,1-3年,虹口区,本科,曲阜路
即科金融信息服务（上海）有限公司,数据分析师,15k-25k,150-500人,"['商业', 'BI', '可视化', '数据分析']",金融,3-5年,杨浦区,本科,殷高东路
遨游酒店信息技术(深圳)有限责任公司,数据科学-数据分析,20k-40k,500-2000人,"['MySQL', '数据分析']",移动互联网,不限,杨浦区,不限,
彪洋科技（北京）有限公司,数据分析师-SH,8k-15k,150-500人,"['数据分析', 'SPSS']",移动互联网,1-3年,长宁区,本科,延安西路
上海麦图信息科技有限公司,数据分析师,10k-15k,15-50人,[],数据服务,不限,长宁区,本科,延安西路
上海驰骛信息科技有限公司,数据分析与运营,6k-10k,50-150人,"['数据分析', '数据运营']","数据服务,移动互联网",3-5年,徐汇区,本科,虹梅路
上海腾梭科技有限公司,高级风险建模 / 数据分析师,20k-40k,150-500人,['数据分析'],"金融,人工智能",3-5年,长宁区,本科,北新泾
上海钧正网络科技有限公司,数据分析师 (MJ003207),15k-25k,2000人以上,"['SPSS', 'SQL', '数据库', '数据分析']","移动互联网,硬件",不限,闵行区,不限,
行吟信息科技（上海）有限公司,数据分析师,15k-30k,500-2000人,[],"生活服务,电子商务",3-5年,黄浦区,本科,大世界
北京字节跳动科技有限公司,高级数据分析师,15k-30k,2000人以上,[],"移动互联网,数据服务",3-5年,徐汇区,硕士,
上海寻梦信息技术有限公司,数据分析师（风控方向）,20k-40k,2000人以上,"['SQL', '数据库']","电子商务,移动互联网",1-3年,长宁区,本科,延安西路
上海维信荟智金融科技有限公司,数据分析师（产品运营）,13k-18k,2000人以上,"['产品运营', '数据分析', '用户运营']",金融,1-3年,虹口区,本科,曲阜路
即科金融信息服务（上海）有限公司,数据分析师,10k-15k,150-500人,"['BI', '数据分析']",金融,1-3年,杨浦区,本科,
上海新享智云智能科技有限公司,大数据分析师,15k-30k,150-500人,[],"移动互联网,电子商务",3-5年,闵行区,本科,紫藤路
威比网络科技（上海）有限公司,数据分析师,6k-10k,2000人以上,['数据分析'],"移动互联网,教育",1-3年,虹口区,大专,临平路
百融金融信息服务股份有限公司,数据分析师,10k-20k,500-2000人,[],"金融,数据服务",应届毕业生,浦东新区,本科,世纪大道
北京至上泽思信息技术有限公司,数据分析师-业务分析方向,10k-15k,50-150人,['数据分析'],"数据服务,企业服务",1-3年,黄浦区,本科,天潼路
新浪时金（上海）信息技术有限公司,数据分析师,8k-15k,2000人以上,"['数据分析', 'SQL']",金融,1-3年,浦东新区,本科,高科西路
深圳市网新新思软件有限公司,数据分析师,9k-17k,500-2000人,['Python'],"移动互联网,企业服务",不限,浦东新区,硕士,陆家嘴
挖财网络技术有限公司,高级数据分析师 (MJ001016),15k-30k,500-2000人,['数据分析'],"移动互联网,金融",3-5年,浦东新区,本科,上海科技馆
上海华钦信息科技股份有限公司,数据分析师（英语好）,16k-24k,500-2000人,"['数据分析', 'SQL']","数据服务,金融",不限,黄浦区,硕士,豫园
上海你我贷互联网金融信息服务有限公司,数据分析师（用户行为分析） (MJ000598),15k-25k,2000人以上,"['MySQL', 'ETL']",金融,3-5年,浦东新区,本科,上海科技馆
上海钧正网络科技有限公司,数据分析,12k-20k,2000人以上,[],"移动互联网,硬件",1-3年,闵行区,本科,
拉扎斯网络科技（上海）有限公司,数据分析师（数据挖掘产品）,15k-30k,2000人以上,"['数据分析', 'SPSS']",移动互联网,1-3年,普陀区,本科,大渡河路
上海你我贷互联网金融信息服务有限公司,数据分析师 (MJ000489),15k-25k,2000人以上,"['数据分析', 'SQLServer']",金融,1-3年,浦东新区,本科,上海科技馆
证通股份有限公司,数据分析师,20k-35k,150-500人,['数据分析'],"移动互联网,金融",3-5年,浦东新区,本科,台儿庄路
上海浅橙网络科技有限公司,数据分析岗,6k-10k,150-500人,['数据分析'],"移动互联网,金融",1-3年,杨浦区,本科,江湾体育场
瓴里网络科技（上海）有限公司,数据分析师,13k-25k,50-150人,"['数据分析', 'SQL']",移动互联网,1-3年,长宁区,本科,水城路
上海哔哩哔哩科技有限公司,数据分析（生态运营） (MJ000121),15k-30k,2000人以上,['数据分析'],"移动互联网,文化娱乐",1-3年,杨浦区,本科,殷高东路
上海小牛互娱智能科技有限公司,数据分析师（实习生）,6k-8k,500-2000人,"['数据分析', 'MySQL']",移动互联网,1年以下,浦东新区,本科,
支付宝（杭州）信息技术有限公司,数据分析师,25k-50k,2000人以上,"['SQL', '增长黑客', '数据分析', '数据运营']","金融,移动互联网",5-10年,浦东新区,本科,浦东大道
上海前隆信息科技有限公司,数据分析师,15k-25k,500-2000人,"['BI', '数据分析', 'SPSS']",金融,1-3年,虹口区,本科,临平路
星环信息科技（上海）有限公司,数据分析师 (MJ000268),10k-20k,150-500人,['数据分析'],数据服务,不限,徐汇区,本科,虹漕路
上海西井信息科技有限公司,数据分析师,18k-25k,50-150人,"['BI', '可视化', '数据分析', '数据运营']","数据服务,硬件",不限,长宁区,硕士,延安西路
杭州观数信息科技有限公司,解决方案顾问/售前顾问 / 数据分析师,15k-30k,50-150人,['数据分析'],"企业服务,数据服务",3-5年,徐汇区,本科,虹梅路
思凯思特（北京）科技有限公司,数据分析/量化/模型实习生,5k-7k,150-500人,"['人工智能', '机器学习', '深度学习']","移动互联网,金融",不限,浦东新区,硕士,世纪大道
虎扑（上海）文化传播股份有限公司,数据分析工程师,15k-30k,150-500人,['数据分析'],"移动互联网,文化娱乐",3-5年,虹口区,本科,
北京至上泽思信息技术有限公司,初级数据分析师-数据分析与建模方向,20k-40k,50-150人,"['建模', '深度学习', '机器学习', '数据挖掘']","数据服务,企业服务",3-5年,黄浦区,本科,天潼路
同盾科技有限公司,数据分析师-杭州/上海-01685,10k-20k,500-2000人,"['信贷风险管理', '风控', '风险分析']","信息安全,数据服务",1-3年,徐汇区,不限,东安路
上海小牛互娱智能科技有限公司,数据分析师,20k-35k,500-2000人,"['商业', 'BI', '数据分析']",移动互联网,5-10年,浦东新区,本科,
上海你我贷互联网金融信息服务有限公司,数据分析师,12k-20k,2000人以上,"['数据分析', '商业', 'SQL', '数据运营']",金融,3-5年,浦东新区,本科,上海科技馆
爱海企业管理咨询（上海）有限公司,数据分析工程师,10k-18k,500-2000人,"['MySQL', 'ETL', '数据分析', '数据仓库']","移动互联网,O2O",不限,徐汇区,本科,
上海合合信息科技发展有限公司,数据分析工程师,10k-15k,150-500人,[],移动互联网,1-3年,静安区,本科,汶水路
圆通速递有限公司,数据分析工程师,12k-20k,2000人以上,"['BI', '数据分析', 'SQL']","企业服务,数据服务",1-3年,青浦区,本科,
桦洁商贸（上海）有限公司,数据分析/数据科学,10k-15k,150-500人,[],"电子商务,其他",1-3年,黄浦区,不限,淮海中路
上海基分文化传播有限公司,数据分析专家,30k-60k,500-2000人,['数据分析'],移动互联网,5-10年,浦东新区,本科,广兰路
上海阑途信息技术有限公司,资深数据分析师,20k-30k,2000人以上,"['SQL', 'BI', '可视化', '数据分析']",移动互联网,5-10年,闵行区,本科,顾戴路
算话智能科技有限公司,数据分析实习生,3k-5k,50-150人,['数据分析'],"数据服务,移动互联网",不限,长宁区,本科,江苏路
上海淡红金融科技有限公司,数据分析主管,20k-35k,500-2000人,"['数据挖掘', '数据分析']",其他,3-5年,长宁区,本科,北新泾
上海腾聘企业管理咨询有限公司,数据分析leader,35k-65k,50-150人,[],"移动互联网,数据服务",5-10年,浦东新区,本科,广兰路
北京斗米优聘科技发展有限公司,数据分析专员,6k-8k,500-2000人,[],"移动互联网,O2O",1-3年,普陀区,大专,长寿路
上海维信荟智金融科技有限公司,数据分析经理,25k-35k,2000人以上,"['数据分析', '数据处理']",金融,5-10年,虹口区,本科,曲阜路
上海科技发展有限公司,数据分析主管,20k-30k,15-50人,['数据分析'],数据服务,3-5年,徐汇区,本科,上海南站
上海客佳信息科技有限公司,数据分析工程师,10k-20k,50-150人,"['数据仓库', '数据分析']",O2O,1-3年,浦东新区,本科,华夏中路
上海阑途信息技术有限公司,资深数据分析师,20k-40k,2000人以上,"['BI', '可视化', '数据分析']",移动互联网,5-10年,闵行区,本科,顾戴路
上海基分文化传播有限公司,数据分析专家,25k-50k,500-2000人,"['数据分析', '数据挖掘']",移动互联网,3-5年,浦东新区,本科,世纪公园
上海你我贷互联网金融信息服务有限公司,数据分析主管,18k-25k,2000人以上,"['SQL', 'SPSS']",金融,3-5年,浦东新区,本科,上海科技馆
上海瑞阙文化发展有限公司,数据分析工程师,25k-40k,150-500人,"['可视化', '数据分析', 'SQL', '数据库']","移动互联网,金融",5-10年,黄浦区,本科,马当路
上海妙克信息科技有限公司,数据分析经理,15k-25k,500-2000人,"['Hive', 'MySQL']","移动互联网,教育",3-5年,杨浦区,本科,江浦公园
叽里呱啦文化传播（上海）有限公司,数据分析经理,25k-35k,150-500人,"['可视化', '增长黑客', '数据分析', 'BI']","移动互联网,教育",5-10年,普陀区,本科,长寿路
即科金融信息服务（上海）有限公司,数据分析工程师,10k-20k,150-500人,['数据分析'],金融,3-5年,杨浦区,大专,殷高东路
行吟信息科技（上海）有限公司,风控高级策略工程师-数据分析师方向,18k-36k,500-2000人,['数据分析'],"生活服务,电子商务",3-5年,黄浦区,本科,大世界
上海卯聚信息科技有限公司,数据分析师 - 供应链服务方向,15k-25k,50-150人,['数据分析'],数据服务 移动互联网,5-10年,闸北区,本科,上海火车站
申通快递有限公司,BI/数据分析工程师,10k-20k,2000人以上,['BI'],生活服务,1-3年,青浦区,本科,
上海钧正网络科技有限公司,【暑期实习生】数据分析实习生(J10229),4k-6k,2000人以上,['数据分析'],"移动互联网,硬件",应届毕业生,闵行区,本科,
北京爱论答科技有限公司上海分公司,数据分析师专家 (MJ000149),20k-40k,150-500人,"['数据挖掘', '数据分析', '数据处理', '数据仓库']","移动互联网,教育",不限,静安区,本科,昌平路
同盾科技有限公司,数据分析leader（信贷风控）-00888,25k-35k,500-2000人,"['数据挖掘', '数据分析']","信息安全,数据服务",5-10年,徐汇区,本科,东安路
百融金融信息服务股份有限公司,数据分析实习生,10k-20k,500-2000人,['数据分析'],"金融,数据服务",应届毕业生,浦东新区,本科,世纪大道
上海汇付数据服务有限公司,数据分析经理,20k-30k,500-2000人,"['数据分析', '数据运营']","移动互联网,金融",1-3年,徐汇区,本科,桂林公园
上海基分文化传播有限公司,数据分析leader,40k-60k,500-2000人,['数据分析'],移动互联网,5-10年,浦东新区,本科,
行吟信息科技（上海）有限公司,数据分析实习生,5k-6k,500-2000人,['数据分析'],"生活服务,电子商务",应届毕业生,黄浦区,本科,大世界
上海瑞阙文化发展有限公司,数据分析主管（客服部门）,15k-20k,150-500人,"['数据分析', '数据运营', '数据库', 'SQL']","移动互联网,金融",5-10年,黄浦区,本科,马当路
即科金融信息服务（上海）有限公司,数据分析总监,25k-35k,150-500人,['风控'],金融,5-10年,杨浦区,本科,殷高东路
上海钧正网络科技有限公司,数据分析专家,25k-50k,2000人以上,"['数据挖掘', '数据分析']","移动互联网,硬件",5-10年,闵行区,不限,
同盾科技有限公司,数据分析专家（信贷风控）-01364,20k-30k,500-2000人,"['Hive', 'MySQL', '数据分析']","信息安全,数据服务",3-5年,徐汇区,本科,东安路
上海昌投网络科技有限公司,中级数据分析师,15k-25k,150-500人,['数据分析'],移动互联网,1-3年,浦东新区,本科,
拉扎斯网络科技（上海）有限公司,资深数据分析师,20k-30k,2000人以上,"['商业', 'BI', 'SQL', '数据分析']",移动互联网,3-5年,普陀区,本科,祁连山南路
上海海万信息科技股份有限公司,数据分析,10k-15k,500-2000人,"['SQL', 'SPSS']","移动互联网,金融",1-3年,静安区,本科,延长路
上海爱可生信息技术股份有限公司,数据分析,13k-23k,150-500人,[],数据服务,3-5年,徐汇区,本科,虹梅路
上海易果电子商务有限公司,数据分析专员,6k-12k,2000人以上,['数据分析'],电子商务,1年以下,长宁区,大专,淞虹路
虎扑（上海）文化传播股份有限公司,高级数据分析师（流量增长方向）,15k-25k,150-500人,['数据分析'],"移动互联网,文化娱乐",3-5年,虹口区,本科,西藏北路
携程计算机技术（上海）有限公司,数据分析实习生,3k-4k,2000人以上,"['算法', '数据挖掘', '数据分析']","移动互联网,旅游",不限,长宁区,硕士,淞虹路
上海证大喜马拉雅网络科技有限公司,数据分析实习生,2k-3k,500-2000人,"['MySQL', 'Hive', 'SQLServer']","移动互联网,文化娱乐",不限,浦东新区,本科,金科路
上海砸立电子商务有限公司,高级数据分析师,15k-30k,50-150人,"['目标管理', '业务流程管理', '战略管理', '决策能力']","移动互联网,电子商务",5-10年,闵行区,本科,东兰路
行吟信息科技（上海）有限公司,风控高级策略工程师-数据分析师方向,20k-40k,500-2000人,"['MySQL', 'Hive', '数据分析', 'SQLServer']","生活服务,电子商务",3-5年,黄浦区,本科,大世界
上海基分文化传播有限公司,中级数据分析师,20k-30k,500-2000人,['数据分析'],移动互联网,3-5年,浦东新区,本科,
上海钧正网络科技有限公司,数据分析经理,26k-40k,2000人以上,"['数据挖掘', 'Hadoop', '数据分析']","移动互联网,硬件",5-10年,闵行区,不限,
上海海万信息科技股份有限公司,数据分析,12k-18k,500-2000人,[],"移动互联网,金融",3-5年,徐汇区,本科,东安路
拉扎斯网络科技（上海）有限公司,数据分析专家,25k-40k,2000人以上,"['数据分析', '数据运营']",移动互联网,5-10年,普陀区,本科,祁连山南路
算话智能科技有限公司,高级数据分析师,15k-30k,50-150人,['数据分析'],"数据服务,移动互联网",3-5年,长宁区,本科,江苏路
上海汇翼信息科技有限公司,高级数据分析师,18k-35k,150-500人,"['BI', '数据分析']","移动互联网,企业服务",3-5年,浦东新区,本科,张江高科
上海河姆渡实业发展有限公司,高级数据分析师(J10257),15k-25k,500-2000人,['数据分析'],电子商务,5-10年,浦东新区,本科,世纪公园
平安科技（深圳）有限公司,11217R-高级数据分析师（GBD）,15k-30k,2000人以上,[],金融,3-5年,浦东新区,硕士,世纪大道
上海树融数据科技有限公司,资深数据分析师,20k-40k,15-50人,['数据分析'],"企业服务,数据服务",3-5年,杨浦区,硕士,殷高东路
平安养老保险股份有限公司,08215W-数据分析开发工程师,15k-30k,2000人以上,['数据分析'],金融,3-5年,浦东新区,本科,国际客运中心
傲冉信息技术（上海）有限公司,高级数据分析师,25k-40k,500-2000人,"['SQL', '数据分析']","移动互联网,金融",5-10年,黄浦区,本科,浦东大道
上海画龙信息科技有限公司,高级数据分析师,10k-20k,50-150人,[],"数据服务,广告营销",3-5年,徐汇区,硕士,徐家汇
上海识装信息科技有限公司,高级数据分析师,20k-40k,150-500人,['数据分析'],"移动互联网,电子商务",5-10年,虹口区,本科,西藏北路
上海维信荟智金融科技有限公司,高级数据分析师(J10898),15k-19k,2000人以上,['数据分析'],金融,1-3年,虹口区,本科,天潼路
上海海万信息科技股份有限公司,数据分析,12k-16k,500-2000人,"['Hive', 'SQLServer', 'Hadoop']","移动互联网,金融",3-5年,浦东新区,本科,世纪公园
上海树融数据科技有限公司,资深数据分析师,20k-40k,15-50人,['数据分析'],"企业服务,数据服务",不限,杨浦区,硕士,殷高东路
上海钧正网络科技有限公司,业务数据分析,20k-35k,2000人以上,['数据分析'],"移动互联网,硬件",5-10年,闵行区,本科,
上海基分文化传播有限公司,高级数据分析师,30k-60k,500-2000人,[],移动互联网,5-10年,浦东新区,本科,
北京国双科技有限公司,高级数据分析师,15k-20k,500-2000人,"['数据挖掘', '数据分析']","数据服务,企业服务",3-5年,静安区,本科,昌平路
行吟信息科技（上海）有限公司,薪酬数据分析岗,20k-40k,500-2000人,"['HR', '薪酬福利', '人力资源']","生活服务,电子商务",3-5年,黄浦区,本科,大世界
上海哔哩哔哩科技有限公司,高级数据分析师,15k-30k,2000人以上,[],"移动互联网,文化娱乐",3-5年,杨浦区,本科,江湾体育场
神策网络科技（北京）有限公司,数据分析咨询师-上海,20k-40k,150-500人,"['用户研究', '商业产品']",数据服务,5-10年,静安区,本科,曲阜路
达疆网络科技（上海）有限公司,高级数据分析经理,30k-50k,2000人以上,"['BI', '数据分析']",O2O,5-10年,杨浦区,本科,江浦公园
上海歌晨信息技术有限公司,高级数据分析师,10k-20k,500-2000人,['数据分析'],"电子商务,旅游",3-5年,浦东新区,本科,金科路
上海微盟企业发展有限公司,数据分析师（新零售）,8k-10k,2000人以上,['数据分析'],"移动互联网,电子商务",1-3年,宝山区,本科,张华浜
上海鼎翊企业管理有限公司,数据分析师（APP）,8k-15k,50-150人,"['数据分析', '数据运营', 'SQL', '数据库']","移动互联网,教育",3-5年,浦东新区,不限,广兰路
中怡保险经纪有限责任公司,数据分析师,10k-20k,500-2000人,"['ETL', 'SQLServer', '数据分析']",金融,1-3年,浦东新区,本科,浦东大道
上海思舶信息技术有限公司,数据分析师,8k-12k,15-50人,"['SQL', '数据库']",电子商务,1-3年,徐汇区,本科,虹漕路
上海二三四五网络科技有限公司,数据分析师（信息流）(J11843),10k-18k,500-2000人,"['BI', '可视化', 'SQL', '数据分析']","数据服务,移动互联网",3-5年,浦东新区,本科,华夏中路
上海海万信息科技股份有限公司,数据分析,14k-18k,500-2000人,"['Hive', 'Hadoop', 'Spark']","移动互联网,金融",3-5年,徐汇区,本科,东安路
达疆网络科技（上海）有限公司,高级数据分析经理,30k-50k,2000人以上,"['数据分析', 'BI', '增长黑客（GrowthHacking）']",O2O,5-10年,杨浦区,硕士,江浦公园
合肥博软电子科技有限公司,数据分析,30k-45k,50-150人,"['BI', 'SQL']",移动互联网,10年以上,闵行区,本科,虹莘路
上海二三四五网络科技有限公司,数据分析师（汽车金融）,8k-15k,500-2000人,"['数据分析', 'SQL', '商业', '数据运营']","数据服务,移动互联网",1-3年,浦东新区,本科,华夏中路
北京奇艺世纪科技有限公司,资深数据分析师（广告战略方向）,15k-22k,2000人以上,"['商业', '数据分析', '数据运营']","广告营销,文化娱乐",5-10年,黄浦区,本科,豫园
携程计算机技术（上海）有限公司,数据分析师,10k-20k,2000人以上,"['数据挖掘', '数据分析']","移动互联网,旅游",1-3年,长宁区,本科,淞虹路
上海流利说信息技术有限公司,数据分析师,20k-30k,2000人以上,['数据分析'],"移动互联网,教育",3-5年,杨浦区,本科,江浦公园
北京斗米优聘科技发展有限公司,大区数据分析师,6k-12k,500-2000人,['数据分析'],"移动互联网,O2O",3-5年,普陀区,本科,长寿路
上海韩创网络科技有限公司,数据分析师,15k-20k,500-2000人,"['数据分析', '数据运营', '可视化', '商业']","移动互联网,文化娱乐",1-3年,浦东新区,本科,张江高科
国泰财产保险有限责任公司,数据分析师,20k-30k,500-2000人,['数据分析'],金融,3-5年,浦东新区,本科,世纪大道
赫里普（上海）信息科技有限公司,数据分析师,14k-20k,15-50人,"['数据分析', 'SQL']","数据服务,招聘",3-5年,黄浦区,硕士,大世界
上海中软华腾软件系统有限公司,数据分析工程师（中高级）,15k-25k,2000人以上,"['数据分析', '数据处理']","企业服务,金融",5-10年,浦东新区,本科,蓝村路
上海悦易网络信息技术有限公司,数据分析师,15k-25k,2000人以上,"['MySQL', '数据挖掘', '数据分析']","电子商务,O2O",3-5年,杨浦区,本科,殷高东路
上海蓦寻网络科技有限公司,数据分析师,20k-30k,50-150人,"['Hadoop', '数据挖掘', '数据分析']",电子商务,3-5年,宝山区,本科,友谊西路
上海国麟科技股份有限公司,大数据分析师,10k-15k,50-150人,"['数据架构', '数据挖掘', '数据分析', '数据处理']","移动互联网,数据服务",1-3年,静安区,大专,延长路
上海海万信息科技股份有限公司,数据分析师,13k-14k,500-2000人,"['数据分析', 'Hive']","移动互联网,金融",3-5年,浦东新区,本科,国际客运中心
上海流利说信息技术有限公司,数据分析,20k-40k,2000人以上,['SQLServer'],"移动互联网,教育",3-5年,杨浦区,本科,江浦公园
深圳市随手科技有限公司,数据分析团队负责人（上海）,20k-40k,500-2000人,['数据分析'],"移动互联网,金融",3-5年,浦东新区,本科,张江高科
上海牛咖信息科技有限公司,产品数据分析师,15k-30k,50-150人,"['数据分析', '数据运营', '数据库']","移动互联网,社交网络",3-5年,普陀区,本科,大渡河路
上海招赢电子商务有限责任公司,数据分析工程师,15k-25k,150-500人,['数据分析'],电子商务,3-5年,浦东新区,本科,世纪大道
上海巨人网络科技有限公司,数据分析师,15k-30k,500-2000人,['数据分析'],游戏,3-5年,松江区,本科,
北京CCCIS信息技术有限公司,数据分析,15k-23k,50-150人,[],数据服务,3-5年,徐汇区,本科,虹漕路
东莞市技顶电子科技有限公司,数据分析师--上海/北京,25k-42k,50-150人,['数据分析'],移动互联网,5-10年,普陀区,本科,大渡河路
携程计算机技术（上海）有限公司,数据分析,15k-25k,2000人以上,"['BI', 'SQL']","移动互联网,旅游",1-3年,长宁区,本科,
北京寄云鼎城科技有限公司,数据分析工程师,20k-40k,50-150人,"['数据分析', '数据库']","移动互联网,数据服务",5-10年,浦东新区,本科,
东莞市乐其网络科技有限公司,数据分析师,7k-14k,500-2000人,['数据分析'],电子商务,3-5年,长宁区,本科,延安西路
上海诺亚金融服务有限公司,（高级）数据分析师,15k-20k,2000人以上,"['数据分析', '数据处理', '数据挖掘']",金融,3-5年,杨浦区,本科,提篮桥
上海致趣网络科技股份有限公司,数据分析/数据挖掘工程师,8k-15k,50-150人,['数据分析'],"移动互联网,O2O",1-3年,徐汇区,大专,东安路
上海倾听信息技术有限公司,数据分析专家,20k-30k,150-500人,"['MySQL', '数据分析']",移动互联网,不限,浦东新区,不限,上海科技馆
深圳市金证科技股份有限公司,数据分析,10k-18k,2000人以上,[],金融,3-5年,浦东新区,大专,世纪大道
上海海万信息科技股份有限公司,数据分析（tableau）,10k-14k,500-2000人,['数据分析'],"移动互联网,金融",1-3年,浦东新区,大专,国际客运中心
东莞市乐其网络科技有限公司,数据分析,7k-14k,500-2000人,"['SPSS', 'SQL', '数据库']",电子商务,不限,长宁区,本科,延安西路
邓韩贝信息技术咨询（上海）有限公司,（高级）数据分析师,15k-25k,50-150人,['数据分析'],"数据服务,其他",3-5年,长宁区,本科,延安西路
上海众调信息科技有限公司,数据分析师,10k-20k,50-150人,['数据分析'],移动互联网,3-5年,杨浦区,本科,四平路
中国平安人寿保险股份有限公司,0221KM-数据分析岗,10k-20k,2000人以上,['保险'],金融,1-3年,浦东新区,本科,国际客运中心
钱咖网络科技（上海）有限公司,数据分析师,18k-28k,50-150人,"['数据库', 'SQL', '数据分析']","移动互联网,电子商务",3-5年,黄浦区,不限,鲁班路
深圳平安综合金融服务有限公司,12217K-数据分析师,12k-16k,2000人以上,['SQL'],"金融,数据服务",1-3年,浦东新区,本科,
上海贝塔斯曼商业服务有限公司,数据分析师--SQL,7k-12k,2000人以上,['数据分析'],"广告营销,数据服务",3-5年,闸北区,不限,
拾梦文化发展（上海）有限公司,广告数据分析师,10k-20k,50-150人,"['广告创意', '广告协调']","游戏,移动互联网",3-5年,闵行区,本科,虹梅路
上海点启资产管理有限公司,数据分析师,4K-5K,少于15人,['数据分析'],金融,1年以下,普陀区,本科,大渡河路
上海百秋电子商务有限公司,数据分析师(J10040),8k-10k,500-2000人,[],"电子商务,企业服务",1-3年,长宁区,本科,丰庄
上海楷青信息技术有限公司,数据分析师,5k-8k,少于15人,"['数据挖掘', '数据分析']","数据服务,企业服务",1-3年,闵行区,本科,
上海微盟企业发展有限公司,高级数据分析,8k-12k,2000人以上,"['数据分析', '市场分析', '市场竞争分析', '行业分析']","移动互联网,电子商务",1-3年,宝山区,本科,张华浜
上海千杉网络技术发展有限公司,数据分析产品经理,18k-25k,150-500人,"['产品策划', '智能硬件', '数据分析']","移动互联网 ,硬件",3-5年,浦东新区,本科,广兰路
北京字节跳动科技有限公司,游戏数据分析师,20k-30k,2000人以上,[],"移动互联网,数据服务",3-5年,徐汇区,本科,
上海海万信息科技股份有限公司,数据分析（BI）,10k-14k,500-2000人,"['Hive', '数据分析']","移动互联网,金融",1-3年,浦东新区,本科,广兰路
深圳平安综合金融服务有限公司,数据分析师（大数据SH）,30k-60k,2000人以上,"['数据挖掘', '数据分析', '算法']","金融,数据服务",5-10年,浦东新区,本科,上海科技馆
上海触乐信息科技有限公司,商业化数据分析师,15k-30k,500-2000人,"['商业', '数据分析', 'SPSS']","移动互联网,数据服务",3-5年,徐汇区,本科,虹梅路
上海悦易网络信息技术有限公司,数据分析师,18k-28k,2000人以上,"['可视化', 'BI', 'SQL']","电子商务,O2O",3-5年,杨浦区,本科,江湾体育场
携程计算机技术（上海）有限公司,数据分析师,15k-30k,2000人以上,"['数据分析', '数据库']","移动互联网,旅游",1-3年,长宁区,本科,淞虹路
深圳萨摩耶互联网金融服务有限公司,数据分析师,13k-25k,150-500人,['数据分析'],金融,1-3年,浦东新区,本科,莲溪路
上海际慧信息技术服务中心,资深数据分析经理,30k-45k,2000人以上,"['MySQL', '数据处理', 'SQLServer', 'Oracle']",移动互联网,5-10年,长宁区,本科,北新泾
上海晗馨企业管理咨询有限公司,数据分析主管,25k-50k,少于15人,['数据分析'],移动互联网,5-10年,黄浦区,不限,大世界
上海特思尔大宇宙商务咨询有限公司,数据分析师,10k-15k,500-2000人,['数据分析'],"电子商务,生活服务",1-3年,静安区,本科,昌平路
上海冷越文化传媒有限公司,数据分析专员,6k-8k,50-150人,"['数据运营', '数据分析']","移动互联网,电子商务",1-3年,普陀区,本科,祁连山南路
共颖信息科技（上海）有限公司,资深数据分析师,25k-30k,500-2000人,"['数据分析', 'SQL', '商业']","移动互联网,电子商务",5-10年,徐汇区,本科,交通大学
上海游族互娱网络科技有限公司,数据分析专家,15k-25k,500-2000人,[],"移动互联网,游戏",不限,徐汇区,不限,虹漕路
上海米哈游网络科技股份有限公司,游戏数据分析师（海外）,15k-30k,500-2000人,"['BI', '数据分析']","移动互联网,游戏",3-5年,徐汇区,本科,虹漕路
上海享物说网络科技有限公司,商业数据分析师,16k-30k,150-500人,"['Hive', '数据分析', '数据处理']",移动互联网 生活服务,3-5年,徐汇区,本科,徐家汇
上海流利说信息技术有限公司,数据分析师,18k-32k,2000人以上,"['数据挖掘', '数据分析']","移动互联网,教育",1-3年,杨浦区,本科,江浦公园
上海海万信息科技股份有限公司,数据分析,8k-15k,500-2000人,"['BI', '可视化', 'SPSS']","移动互联网,金融",3-5年,浦东新区,大专,国际客运中心
上海触乐信息科技有限公司,数据分析主管,30k-50k,500-2000人,"['数据分析', '数据处理', 'SQLServer']","移动互联网,数据服务",5-10年,徐汇区,本科,虹梅路
上海悦易网络信息技术有限公司,数据分析师,20k-35k,2000人以上,['数据分析'],"电子商务,O2O",3-5年,杨浦区,本科,殷高东路
深圳市波思代尔贸易有限公司,数据分析师,5k-10k,15-50人,"['数据分析', 'SPSS']","广告营销,文化娱乐",不限,浦东新区,硕士,国际客运中心
浙江九翎网络科技有限公司上海分公司,游戏数据分析师,12k-18k,150-500人,"['游戏运营', '数据分析']",游戏,1-3年,徐汇区,大专,虹漕路
上海旺旺食品集团有限公司,业务数据分析,6k-8k,2000人以上,"['数据分析', 'SPSS']","电子商务,移动互联网",1-3年,闵行区,大专,水城路
上海君尧文化传播有限公司,数据分析专家,30k-60k,少于15人,"['商业', 'BI', '可视化', '数据分析']",广告营销,5-10年,长宁区,本科,延安西路
杭州拓端数据科技有限公司,数据分析师,8K-12K,少于15人,"['BI', '数据分析', 'SPSS']","数据服务,电子商务",1-3年,宝山区,本科,上大路
上海韩创网络科技有限公司,数据分析师,15k-25k,500-2000人,"['SQL', 'BI', '商业']","移动互联网,文化娱乐",3-5年,浦东新区,不限,张江高科
上海元星企业管理有限公司,大数据分析师,10k-20k,500-2000人,"['BI', '数据分析']",生活服务,3-5年,普陀区,大专,岚皋路
上海米哈游网络科技股份有限公司,游戏数据分析,20k-40k,500-2000人,"['数据分析', 'SPSS']","移动互联网,游戏",1-3年,徐汇区,本科,虹漕路
上海奕己信息科技有限公司,数据分析产品经理,8k-16k,15-50人,"['数据分析', '数据处理']","移动互联网,社交网络",1-3年,松江区,大专,
众安在线财产保险股份有限公司,数据分析师,18k-30k,2000人以上,[],金融,5-10年,黄浦区,本科,天潼路
北京汇通天下物联科技有限公司,高级数据分析师,25k-35k,500-2000人,"['数据分析', '数据处理', '数据挖掘']","移动互联网,数据服务",5-10年,闵行区,本科,紫藤路
上海诺亚金融服务有限公司,资深数据分析师,15k-30k,2000人以上,"['Hive', 'MySQL', '数据分析']",金融,5-10年,杨浦区,本科,江浦公园
上海海万信息科技股份有限公司,数据分析工程师,13k-18k,500-2000人,"['数据分析', 'SQL']","移动互联网,金融",3-5年,浦东新区,本科,国际客运中心
百融金融信息服务股份有限公司,数据分析师,10k-20k,500-2000人,['数据分析'],"金融,数据服务",3-5年,浦东新区,本科,世纪大道
上海韩创网络科技有限公司,高级数据分析师-增长策略方向,15k-25k,500-2000人,"['用户', '决策能力', '目标管理']","移动互联网,文化娱乐",3-5年,浦东新区,不限,张江高科
上海游族互娱网络科技有限公司,高级数据分析师,15k-30k,500-2000人,"['DBA', '数据挖掘', '算法', 'DB2']","移动互联网,游戏",3-5年,徐汇区,不限,虹漕路
上海氪信信息技术有限公司,数据分析师,10k-20k,50-150人,"['数据挖掘', '数据分析']","金融,数据服务",应届毕业生,黄浦区,本科,延安西路
广州华多网络科技有限公司,风险数据分析师 (MJ001721),15k-30k,2000人以上,['风控'],移动互联网,3-5年,黄浦区,本科,豫园
上海诺亚金融服务有限公司,数据分析师,12k-15k,2000人以上,['数据分析'],金融,1-3年,杨浦区,本科,提篮桥
上海微问家信息技术有限公司,数据分析师,8k-12k,150-500人,"['数据运营', 'SQL', 'BI', '可视化']",移动互联网,应届毕业生,浦东新区,本科,
东莞市乐其网络科技有限公司,数据分析师（上海）,7k-13k,500-2000人,[],电子商务,不限,长宁区,本科,延安西路
易空海软件咨询（上海）有限公司,Data Scientist-数据分析和挖掘工程师,15k-30k,15-50人,['数据挖掘'],移动互联网,1-3年,静安区,本科,昌平路
上海卓永信息技术有限公司,数据分析师,15k-20k,15-50人,"['数据分析', '数据库', 'SQL']","移动互联网,医疗健康",3-5年,杨浦区,本科,
上海数禾信息科技有限公司,风险数据分析-品质管理方向,15k-30k,500-2000人,"['风控', '策略设计']","移动互联网,金融",1-3年,浦东新区,本科,金科路
上海噗呲网络科技有限公司,游戏数据分析师,15k-25k,15-50人,"['数据分析', '数据运营']","游戏,社交网络",3-5年,徐汇区,大专,东兰路
北京美至网络科技有限公司,数据分析师,15k-20k,50-150人,"['数据挖掘', '数据分析']","移动互联网,O2O",1-3年,黄浦区,本科,天潼路
车享汽车俱乐部（上海）有限公司,数据分析专员,4k-5k,150-500人,['数据分析'],电子商务,不限,浦东新区,大专,复兴岛
上海海万信息科技股份有限公司,数据分析,8k-12k,500-2000人,[],"移动互联网,金融",1-3年,徐汇区,本科,东安路
叽里呱啦文化传播（上海）有限公司,数据分析师,15k-25k,150-500人,"['商业', 'BI', '可视化', '数据分析']","移动互联网,教育",应届毕业生,普陀区,本科,长寿路
携程计算机技术（上海）有限公司,资深数据分析师,15k-25k,2000人以上,"['BI', '可视化', '数据分析']","移动互联网,旅游",3-5年,长宁区,本科,淞虹路
上海阳祥实业有限公司,数据分析总监,40k-80k,15-50人,['数据分析'],"电子商务,其他",5-10年,徐汇区,本科,徐家汇
如薇化妆品（苏州）有限公司上海分公司,数据分析主管（化妆品方向）,8k-10k,50-150人,"['数据挖掘', '数据分析']","快消,零售贸易",1-3年,黄浦区,本科,陕西南路
欧泰谱（深圳）科技有限公司,高级数据分析师-SQL,10k-15k,150-500人,"['SQL', '数据分析', '可视化', '商业']",数据服务 企业服务,3-5年,黄浦区,本科,大世界
上海驹旗网络科技有限公司,数据分析工程师,20k-25k,150-500人,"['数据挖掘', 'Hadoop', 'Hive', '数据分析']","移动互联网,电子商务",3-5年,徐汇区,本科,交通大学
哈步数据科技（上海）有限公司,客户成功数据分析师,10k-15k,50-150人,['数据分析'],企业服务,1-3年,徐汇区,本科,上海南站
上海彩亿信息技术有限公司,高级数据分析师,20k-30k,500-2000人,[],"移动互联网,金融",3-5年,徐汇区,本科,虹梅路
深圳市一面网络技术有限公司,数据分析师(商业方向，中高级,10k-20k,50-150人,[],"移动互联网,数据服务",1-3年,黄浦区,本科,大世界
武汉金源信企业服务信息系统有限公司,数据分析经理,25k-35k,150-500人,"['数据分析', 'MySQL']","电子商务,生活服务",5-10年,浦东新区,本科,中科路
上海画龙信息科技有限公司,高级商业数据分析师,20k-40k,50-150人,"['商业', '数据分析', '数据运营', 'SQL']","数据服务,广告营销",5-10年,徐汇区,硕士,徐家汇
Meritco Services,数据分析师,9k-18k,50-150人,['数据分析'],"企业服务,数据服务",不限,徐汇区,本科,交通大学
铂良乐传媒广告（北京）有限公司,高级数据分析师,30k-60k,150-500人,['数据挖掘'],"广告营销,移动互联网",5-10年,徐汇区,不限,交通大学
上海游族互娱网络科技有限公司,数据分析专员-游戏数据分析（2019校园招聘）,15k-20k,500-2000人,['数据分析'],"移动互联网,游戏",应届毕业生,徐汇区,硕士,
上海海万信息科技股份有限公司,数据分析工程师,10k-15k,500-2000人,"['数据分析', 'SQL', 'SPSS', '数据库']","移动互联网,金融",3-5年,静安区,本科,延长路
上海钧正网络科技有限公司,硬件数据分析 (MJ003743),13k-25k,2000人以上,['数据挖掘'],"移动互联网,硬件",3-5年,闵行区,本科,
上海百秋电子商务有限公司,数据分析主管(J10041),10k-15k,500-2000人,['运营'],"电子商务,企业服务",1-3年,长宁区,本科,丰庄
上海画龙信息科技有限公司,高级商业数据分析师,15k-30k,50-150人,"['商业', 'BI', '数据分析']","数据服务,广告营销",3-5年,徐汇区,硕士,徐家汇
上海奕己信息科技有限公司,数据分析产品经理,8k-16k,15-50人,"['数据分析', '数据处理']","移动互联网,社交网络",1-3年,松江区,大专,
上海旺旺食品集团有限公司,数据分析助理,4k-6k,2000人以上,[],"电子商务,移动互联网",不限,闵行区,不限,水城路
上海第一财经数据科技有限公司,数据分析师,10k-15k,150-500人,['数据分析'],移动互联网,1-3年,静安区,本科,
上海纳薇服装设计有限公司,数据分析专员/主管,6k-8k,500-2000人,"['数据分析', '数据运营', '商业']","电子商务,生活服务",1-3年,长宁区,大专,北新泾
上海倾听信息技术有限公司,数据分析师,15k-25k,150-500人,"['商业', '数据分析']",移动互联网,3-5年,浦东新区,本科,上海科技馆
贵阳高登世德金融科技有限公司,数据分析师,8k-15k,50-150人,['数据分析'],"金融,数据服务",1-3年,徐汇区,本科,东安路
上海掌小门教育科技有限公司,数据分析师,10k-20k,2000人以上,"['商业', 'BI', '数据分析']","移动互联网,教育",1-3年,虹口区,本科,临平路
北京摩拜科技有限公司,数据分析师,10k-15k,150-500人,['数据运营'],移动互联网,1-3年,长宁区,本科,延安西路
携程计算机技术（上海）有限公司,高级数据分析（机器学习方向）,20k-35k,2000人以上,"['数据分析', 'SQL']","移动互联网,旅游",3-5年,长宁区,本科,淞虹路
上海韩创网络科技有限公司,数据分析师,8k-15k,500-2000人,['数据分析'],"移动互联网,文化娱乐",1-3年,浦东新区,不限,云台路
百融金融信息服务股份有限公司,数据分析师,10k-20k,500-2000人,['数据分析'],"金融,数据服务",3-5年,浦东新区,本科,世纪大道
上海海万信息科技股份有限公司,高级数据分析师,13k-18k,500-2000人,"['数据分析', 'SQL']","移动互联网,金融",3-5年,浦东新区,本科,世纪公园
上海槿迈医疗科技有限公司,数据分析实习生,4k-6k,少于15人,['MySQL'],"移动互联网,医疗健康",1年以下,浦东新区,不限,学林路
上海誉渡信息技术有限公司,数据分析师,10k-20k,2000人以上,"['数据运营', '数据分析']","移动互联网,金融",1-3年,黄浦区,本科,豫园
精硕科技（北京）股份有限公司,2019校招-数据分析师（社会化媒体）,6k-8k,500-2000人,"['营销', '数据分析', '行业分析', '市场分析']",数据服务,应届毕业生,普陀区,本科,大渡河路
时趣互动（北京）科技有限公司,高级数据分析师 - 上海,10k-20k,500-2000人,"['数据分析', 'SPSS']",移动互联网,5-10年,长宁区,本科,延安西路
瑞易信息技术（上海）有限公司,资深数据分析师,10k-20k,150-500人,"['数据分析', 'SQL', '数据库']",数据服务,3-5年,徐汇区,本科,交通大学
武汉亿泽工程咨询有限公司,数据分析,6k-12k,50-150人,"['BI', '可视化', '数据库']",数据服务 企业服务,不限,闵行区,不限,虹桥火车站
上海神州数码有限公司,数据分析师,8k-15k,500-2000人,"['数据分析', '商业']","硬件,数据服务",不限,长宁区,硕士,淞虹路
赛仕软件（北京）有限公司上海分公司,数据分析师,10k-16k,2000人以上,['数据分析'],"企业服务,数据服务",应届毕业生,徐汇区,硕士,交通大学
携程计算机技术（上海）有限公司,高级数据分析师,17k-24k,2000人以上,"['数据分析', 'SQL', '数据库']","移动互联网,旅游",3-5年,长宁区,本科,淞虹路
上海银行,高级数据分析师,18k-25k,2000人以上,['数据分析'],金融,3-5年,浦东新区,本科,
平安健康互联网股份有限公司上海分公司,数据分析专家,40k-70k,2000人以上,"['数据分析', '商业', 'SQL', 'BI']","移动互联网,医疗健康",5-10年,徐汇区,本科,东安路
北京京东世纪贸易有限公司,SQL数据分析师,17k-30k,2000人以上,['SQLServer'],"电子商务,数据服务",3-5年,长宁区,本科,北新泾
上海睦颐金融信息服务有限公司,数据分析师（编号：YLW）,10k-15k,15-50人,"['数据分析', 'SPSS', 'SQL']","移动互联网,金融",3-5年,宝山区,本科,殷高西路
上海微问家信息技术有限公司,数据分析实习,4k-8k,150-500人,['数据分析'],移动互联网,应届毕业生,浦东新区,本科,
北京京东世纪贸易有限公司,SQL数据分析师,15k-25k,2000人以上,"['数据分析', 'SQL']","电子商务,数据服务",3-5年,长宁区,本科,北新泾
上海同界商务咨询有限公司,数据分析师,10k-15k,15-50人,"['数据分析', '数据运营']","数据服务,广告营销",1-3年,静安区,不限,曲阜路
太原啊哈网络科技有限公司,数据分析师,7k-10k,少于15人,[],移动互联网,1-3年,徐汇区,本科,交通大学
内蒙古易恒网络科技有限责任公司,数据分析师,12k-24k,少于15人,[],移动互联网、数据服务,不限,黄浦区,不限,曲阜路
上海陆家嘴国际金融资产交易市场股份有限公司,25217C-安全数据分析工程师,13k-26k,2000人以上,['数据挖掘'],金融,3-5年,浦东新区,本科,国际客运中心
上海任意门科技有限公司,数据分析实习生,4k-6k,150-500人,['数据分析'],"社交网络,文化娱乐",应届毕业生,浦东新区,本科,世纪公园
广州数说故事信息科技有限公司,实习数据分析师,3k-4k,150-500人,"['商业', '数据分析']",数据服务,应届毕业生,杨浦区,本科,江浦公园
深圳寻找母星网络科技有限公司,数据分析工程师,11k-18k,50-150人,"['BI', '数据分析', 'SQL', '数据库']","移动互联网,O2O",1-3年,徐汇区,本科,东兰路
国泰财产保险有限责任公司,高级数据分析师,25k-35k,500-2000人,['数据分析'],金融,3-5年,浦东新区,本科,世纪大道
"Weiou, Inc.",数据分析负责人,40k-70k,150-500人,"['数据分析', '数据库开发']",移动互联网,5-10年,浦东新区,本科,广兰路
行吟信息科技（上海）有限公司,电商数据分析Leader,30k-50k,500-2000人,['数据分析'],"生活服务,电子商务",5-10年,黄浦区,本科,大世界
上海韩创网络科技有限公司,产品数据分析师,15k-25k,500-2000人,"['用户研究', '交互设计', '数据分析', '用户增长']","移动互联网,文化娱乐",3-5年,浦东新区,本科,云台路
上海游族互娱网络科技有限公司,数据分析专员-海外广告投放（2019校园招聘）,15k-20k,500-2000人,['数据分析'],"移动互联网,游戏",应届毕业生,徐汇区,不限,
上海驹旗网络科技有限公司,高级数据分析工程师,20k-30k,150-500人,"['BI', '可视化', '数据分析', 'SQL']","移动互联网,电子商务",5-10年,徐汇区,本科,漕溪路
众安在线财产保险股份有限公司,数据分析工程师,18k-30k,2000人以上,['数据分析'],金融,3-5年,黄浦区,本科,曲阜路
上海韩创网络科技有限公司,商业数据分析师,15k-25k,500-2000人,"['市场分析', '数据分析']","移动互联网,文化娱乐",3-5年,浦东新区,本科,张江高科
深圳寻找母星网络科技有限公司,初级数据分析师,6k-10k,50-150人,"['数据运营', 'SQL', '数据库', 'BI']","移动互联网,O2O",1年以下,徐汇区,本科,东兰路
携程计算机技术（上海）有限公司,高级数据分析师傅（海外业务）,12k-24k,2000人以上,['数据分析'],"移动互联网,旅游",1-3年,长宁区,本科,淞虹路
上海海万信息科技股份有限公司,业务数据分析工程师,8k-15k,500-2000人,"['BI', '数据分析', 'SPSS']","移动互联网,金融",3-5年,浦东新区,大专,陆家嘴
赛仕软件（北京）有限公司上海分公司,高级数据分析师,20k-30k,2000人以上,['数据挖掘'],"企业服务,数据服务",3-5年,徐汇区,硕士,交通大学
上海凯熙信息技术有限公司,IT数据分析工程师（VBA）,8k-13k,150-500人,"['Oracle', 'SQLServer', '数据分析']","移动互联网,企业服务",3-5年,浦东新区,大专,金科路
好买财富管理股份有限公司,资深数据分析师,20k-30k,500-2000人,"['数据分析', '算法']","电子商务,金融",3-5年,虹口区,硕士,邮电新村
瑞庭网络技术（上海）有限公司,高级数据分析师,15k-20k,500-2000人,"['数据分析', 'SQL']",移动互联网,3-5年,浦东新区,本科,上海科技馆
平安健康互联网股份有限公司上海分公司,数据分析经理,21k-35k,2000人以上,"['数据分析', '数据运营']","移动互联网,医疗健康",5-10年,徐汇区,本科,东安路
上海斯馨广告有限公司,数据分析实习生,3K-6K,少于15人,[],广告营销,不限,普陀区,不限,昌平路
上海八点半网络科技有限公司,电商平台数据分析师,10k-20k,50-150人,['数据分析'],"移动互联网,数据服务",3-5年,静安区,不限,昌平路
上海晓途网络科技有限公司,策略数据分析师 (MJ000054),15k-25k,50-150人,"['风控', '风险评估', '风险管理', '风险分析']",移动互联网,3-5年,长宁区,本科,延安西路
时趣互动（北京）科技有限公司,数据分析实习生,2k-3k,500-2000人,"['数据分析', 'SPSS']",移动互联网,不限,长宁区,本科,延安西路
中证信用增进股份有限公司,数据分析工程师,20k-35k,500-2000人,"['BI', '可视化', '数据分析', 'SQL']",金融,3-5年,黄浦区,本科,大世界
上海麦图信息科技有限公司,初级数据分析师（实习岗）,4k-8k,15-50人,"['数据挖掘', '数据分析']",数据服务,应届毕业生,长宁区,本科,延安西路
携程计算机技术（上海）有限公司,数据分析专员(J16195),10k-15k,2000人以上,['数据分析'],"移动互联网,旅游",1-3年,长宁区,本科,淞虹路
上海沐睦网络科技有限公司,游戏数据分析师,6k-12k,15-50人,"['数据分析', 'SQL']",游戏,1-3年,闵行区,大专,虹梅路
众安在线财产保险股份有限公司,数据分析实习生,6k-10k,2000人以上,['数据分析'],金融,不限,黄浦区,本科,曲阜路
北京墨霏科技有限公司上海分公司,实习数据分析师,3k-5k,15-50人,"['数据分析', '数据处理']","信息安全,数据服务",应届毕业生,徐汇区,本科,交通大学
上海倾听信息技术有限公司,广告数据分析,15k-25k,150-500人,['数据分析'],移动互联网,3-5年,浦东新区,不限,上海科技馆
上海晓途网络科技有限公司,模型数据分析师 (MJ000055),15k-25k,50-150人,"['风控', '风险管理', '风险评估']",移动互联网,3-5年,长宁区,本科,延安西路
杭州数云信息技术有限公司上海分公司,CRM数据分析师,7k-13k,150-500人,['SQLServer'],"企业服务,数据服务",1-3年,徐汇区,本科,漕溪路
上海韩创网络科技有限公司,商业数据分析师,15k-25k,500-2000人,"['数据分析', 'MySQL', 'SQLServer', '数据处理']","移动互联网,文化娱乐",3-5年,浦东新区,本科,张江高科
上海欧拉网络技术有限公司,数据分析建模师,20k-40k,50-150人,"['分析师', '产品设计', '策略设计']",移动互联网,3-5年,浦东新区,本科,
上海淡红金融科技有限公司,BI数据分析师,20k-25k,500-2000人,"['BI', '数据分析']",其他,3-5年,长宁区,本科,北新泾
上海树融数据科技有限公司,高级数据分析师,20k-35k,15-50人,['数据分析'],"企业服务,数据服务",5-10年,杨浦区,硕士,殷高东路
上海业霆网络科技有限公司,BI数据分析师,10k-20k,500-2000人,['数据分析'],"移动互联网,教育",3-5年,静安区,本科,昌平路
上海点融信息科技有限责任公司,BI数据分析师,18k-36k,150-500人,"['MySQL', '数据分析', '数据挖掘']",金融,3-5年,黄浦区,本科,
北京中关村融汇金融信息服务有限公司,风控数据分析师,10k-20k,150-500人,"['风控', '信贷风险管理', '风险分析', '风险管理']","移动互联网,金融",1-3年,浦东新区,本科,陆家嘴
上海淇毓信息科技有限公司,BI数据分析师,18k-35k,500-2000人,"['SQL', '数据分析', '数据运营', 'SPSS']","移动互联网,金融",1-3年,浦东新区,本科,杨高中路
上海沐睦网络科技有限公司,游戏数据分析师,6k-10k,15-50人,[],游戏,应届毕业生,闵行区,不限,虹梅路
携程计算机技术（上海）有限公司,数据分析经理Data Manager,25k-30k,2000人以上,"['商业', 'BI', 'SQL', '数据分析']","移动互联网,旅游",5-10年,长宁区,本科,淞虹路
霍尔果斯旗发信息技术有限公司上海金山分公司,风控数据分析,10k-20k,150-500人,"['BI', '数据分析', '数据库']",移动互联网,3-5年,杨浦区,本科,杨树浦路
上海誉渡信息技术有限公司,风险数据分析师（东南亚现金贷方向）,15k-30k,2000人以上,"['风控', '信用产品']","移动互联网,金融",3-5年,黄浦区,本科,豫园
上海第一财经数据科技有限公司,商业数据分析师,10k-18k,150-500人,"['数据挖掘', '数据分析']",移动互联网,3-5年,静安区,本科,
上海掌小门教育科技有限公司,商业数据分析师,10k-20k,2000人以上,"['数据分析', '市场']","移动互联网,教育",1-3年,虹口区,本科,临平路
上海竟跃网络科技有限公司,电竞赛事数据分析师,7k-10k,50-150人,['数据分析'],移动互联网,不限,徐汇区,本科,虹漕路
上海晓途网络科技有限公司,模型数据分析师,15k-25k,50-150人,"['数据挖掘', '数据分析']",移动互联网,1-3年,长宁区,本科,延安西路
深圳虾皮信息科技有限公司,BI数据分析实习生,2k-4k,2000人以上,"['MySQL', '数据分析', '数据处理']",电子商务,应届毕业生,徐汇区,本科,东兰路
上海盛惜投资管理有限公司,风控数据分析师,10k-20k,50-150人,['风控'],"移动互联网,金融",1-3年,黄浦区,本科,马当路
北京三快在线科技有限公司,数据分析运营,15k-25k,2000人以上,['运营'],"移动互联网,O2O",3-5年,长宁区,本科,
上海韩创网络科技有限公司,商业数据分析师,15k-25k,500-2000人,"['商业', '数据分析', 'SQL']","移动互联网,文化娱乐",3-5年,浦东新区,本科,云台路
上海客琛网络科技有限公司,数据分析管培生（校园招聘）,5k-10k,50-150人,"['风控', '策略设计']","移动互联网,生活服务",不限,浦东新区,本科,
众安在线财产保险股份有限公司,催收数据分析岗,10k-20k,2000人以上,['分析师'],金融,3-5年,浦东新区,本科,广兰路
上海游族互娱网络科技有限公司,资深游戏数据分析师,16k-28k,500-2000人,['数据分析'],"移动互联网,游戏",3-5年,徐汇区,本科,虹漕路
霍尔果斯旗发信息技术有限公司上海金山分公司,风控数据分析（新）,10k-16k,150-500人,"['数据挖掘', '数据分析']",移动互联网,1-3年,杨浦区,本科,杨树浦路
携程计算机技术（上海）有限公司,市场数据分析师,10k-15k,2000人以上,"['数据分析', '市场']","移动互联网,旅游",1-3年,长宁区,本科,淞虹路
上海复漫网络科技有限公司,Data Analysis数据分析专员,6k-10k,50-150人,"['数据分析', 'SQL', '数据库', '数据运营']",电子商务,1-3年,嘉定区,本科,
上海誉渡信息技术有限公司,风险数据分析师,15k-25k,2000人以上,"['风控', '策略设计']","移动互联网,金融",3-5年,黄浦区,本科,豫园
苏州叠纸网络科技股份有限公司,运营数据分析 (MJ000129),20k-35k,150-500人,"['运营', '游戏运营']",游戏,5-10年,浦东新区,本科,提篮桥
上海浅橙网络科技有限公司,运营数据分析,15k-25k,150-500人,['数据分析'],"移动互联网,金融",1-3年,杨浦区,本科,
北京中关村融汇金融信息服务有限公司,风控数据分析建模师,10K-20K,150-500人,['风控'],"移动互联网,金融",1-3年,黄浦区,本科,国际客运中心
公牛集团股份有限公司,电商数据分析专员,6k-12k,2000人以上,[],"电子商务,硬件",1-3年,闵行区,本科,银都路
深圳市小赢科技有限责任公司,风险数据分析经理,30k-40k,500-2000人,"['风控', '分析师']",金融,1-3年,虹口区,硕士,曲阜路
上海济忆网络科技有限公司,CRM数据分析,13k-18k,2000人以上,['MySQL'],教育,3-5年,闵行区,本科,银都路
上海嘉之道企业管理咨询有限公司,汽车行业数据分析实习生,2k-4k,150-500人,['数据分析'],"数据服务,广告营销",不限,长宁区,本科,威宁路
上海耀竞文化传播有限公司,电竞数据分析助理,6k-10k,50-150人,"['数据分析', '数据处理', '数据挖掘']",游戏,1-3年,黄浦区,大专,马当路
上海任意门科技有限公司,市场数据分析实习生,4k-6k,150-500人,['数据分析'],"社交网络,文化娱乐",应届毕业生,浦东新区,本科,世纪公园
上海你我贷互联网金融信息服务有限公司,智能运维数据分析师 (MJ000530),15k-30k,2000人以上,"['数据分析', '数据挖掘']",金融,3-5年,浦东新区,本科,上海科技馆
连尚（北京）网络科技有限公司,风控数据分析,20k-40k,500-2000人,[],"移动互联网,生活服务",3-5年,浦东新区,不限,
携程计算机技术（上海）有限公司,海外酒店数据分析师（收益定价方向）,10k-20k,2000人以上,"['SQL', '数据分析']","移动互联网,旅游",1-3年,长宁区,本科,淞虹路
中国平安人寿保险股份有限公司,02215M-BI数据分析师,10k-18k,2000人以上,"['BI', '商业', '可视化', '数据分析']",金融,1年以下,浦东新区,本科,
备实必（上海）软件科技有限公司,bi数据分析师,7k-14k,少于15人,"['数据挖掘', '数据架构', '数据仓库', '数据分析']","移动互联网,数据服务",1-3年,浦东新区,本科,世纪大道
上海游族互娱网络科技有限公司,资深游戏数据分析师,16k-30k,500-2000人,['数据分析'],"移动互联网,游戏",1-3年,徐汇区,本科,虹漕路
欧泰谱（深圳）科技有限公司,CRM数据分析经理(SQL),9k-15k,150-500人,"['SQLServer', 'MySQL']",数据服务 企业服务,3-5年,黄浦区,本科,陆家浜路
上海印付信息科技有限公司,风控数据分析师,10k-20k,50-150人,['数据分析'],金融,1-3年,杨浦区,本科,江浦公园
深圳虾皮信息科技有限公司,BI Manager - BI数据分析经理,14k-18k,2000人以上,"['数据分析', '数据挖掘', '数据处理', '算法']",电子商务,5-10年,徐汇区,本科,东兰路
北京京东世纪贸易有限公司,风控数据分析,20k-30k,2000人以上,['数据分析'],"电子商务,数据服务",3-5年,长宁区,本科,
上海思舶信息技术有限公司,市场推广数据分析 （互联网、线上广告）,8k-15k,15-50人,[],电子商务,1-3年,徐汇区,本科,虹漕路
上海韩创网络科技有限公司,运营数据分析师,10k-20k,500-2000人,['用户'],"移动互联网,文化娱乐",3-5年,浦东新区,不限,张江高科
上海旺旺食品集团有限公司,销售数据分析,5k-7k,2000人以上,"['销售', '客户代表']","电子商务,移动互联网",不限,闵行区,大专,
上海伯汉网络科技有限公司,bi数据分析师,15k-18k,15-50人,['数据分析'],"移动互联网,数据服务",3-5年,静安区,大专,淮海中路
霍尔果斯旗发信息技术有限公司上海分公司,风控数据分析,10k-20k,150-500人,"['BI', '数据分析', '数据库']","移动互联网,数据服务",1-3年,杨浦区,不限,杨树浦路
上海传智播客教育培训有限公司,Python数据分析师,30k-45k,2000人以上,"['数据挖掘', '数据处理']","移动互联网,教育",5-10年,浦东新区,本科,
深圳寻找母星网络科技有限公司,数据分析BI实习生,2k-4k,50-150人,"['BI', '数据分析']","移动互联网,O2O",应届毕业生,徐汇区,本科,东兰路
携程计算机技术（上海）有限公司,商业数据分析师,8k-16k,2000人以上,"['BI', '数据分析']","移动互联网,旅游",1-3年,长宁区,本科,淞虹路
欧泰谱（深圳）科技有限公司,CRM商业数据分析师 （SQL）,6k-10k,150-500人,"['MySQL', 'SQLServer', '数据仓库']",数据服务 企业服务,1-3年,黄浦区,本科,陆家浜路
径卫视觉科技（上海）有限公司,大数据分析工程师,25k-40k,150-500人,"['数据挖掘', '算法']","硬件,信息安全",3-5年,杨浦区,硕士,江浦公园
前锦网络信息技术（上海）有限公司,大数据分析工程师,10k-20k,2000人以上,"['数据挖掘', '数据分析']","移动互联网,招聘",1-3年,浦东新区,本科,广兰路
北京字节跳动科技有限公司,业务中台数据分析师,20k-40k,2000人以上,[],"移动互联网,数据服务",3-5年,徐汇区,本科,
上海卯聚信息科技有限公司,大数据分析实习生,4k-5k,50-150人,['数据分析'],数据服务 移动互联网,不限,静安区,本科,上海火车站
上海海万信息科技股份有限公司,大数据分析,8k-16k,500-2000人,"['Hadoop', 'Spark', 'Oracle', 'Hive']","移动互联网,金融",3-5年,浦东新区,大专,
成都歆慕网络科技有限公司,商业分析专家（数据分析）,25k-50k,少于15人,[],"电子商务,企业服务",3-5年,普陀区,本科,真如
上海元聚网络科技有限公司,大数据分析工程师,10k-20k,150-500人,"['数据挖掘', '数据分析']",移动互联网,1-3年,闵行区,不限,虹梅路
上海丽梨秀商贸有限公司,销售分析(数据分析) 主管/专员,8k-15k,少于15人,['数据分析'],"移动互联网,电子商务",3-5年,长宁区,大专,水城路
上海晓途网络科技有限公司,反欺诈大数据分析 (MJ000079),20k-30k,50-150人,"['风控', '信贷风险管理', '风险管理', '风险分析']",移动互联网,3-5年,长宁区,本科,延安西路
北京贝斯平云科技有限公司,运维工程师（数据分析方向）,10k-18k,150-500人,"['Oracle', 'SQLServer']",不限,1-3年,徐汇区,本科,交通大学
上海盛付通电子支付服务有限公司,产品经理（数据分析方向）,15k-25k,150-500人,[],"移动互联网,金融",3-5年,浦东新区,本科,
北京三快在线科技有限公司,销售运营（数据分析方向）,10k-20k,2000人以上,['运营'],"移动互联网,O2O",1-3年,长宁区,本科,
上海嵩恒网络科技股份有限公司,审计助理（数据分析岗）,5k-7k,150-500人,['数据分析'],"移动互联网,社交网络",不限,浦东新区,本科,广兰路
